[
  {
    "id": "6b4fbdb1-f26d-4979-95c5-839e7d951c2a",
    "data": [
      {
        "text": "Deportaciones",
        "alias": "Deportaciones",
        "meta": "@Deportaciones",
        "userDefined": false
      },
      {
        "text": " ",
        "userDefined": false
      },
      {
        "text": "EU",
        "alias": "geo-city",
        "meta": "@sys.geo-city",
        "userDefined": true
      },
      {
        "text": " ",
        "userDefined": false
      },
      {
        "text": "40",
        "alias": "number",
        "meta": "@sys.number",
        "userDefined": false
      },
      {
        "text": "%",
        "userDefined": false
      }
    ],
    "isTemplate": false,
    "count": 0,
    "updated": 1527008342
  },
  {
    "id": "a797bf62-d352-4750-afbf-90ab515d8f76",
    "data": [
      {
        "text": "Es cierto que ",
        "userDefined": false
      },
      {
        "text": "hay",
        "meta": "@sys.ignore",
        "userDefined": false
      },
      {
        "text": " ",
        "userDefined": false
      },
      {
        "text": "un",
        "meta": "@sys.ignore",
        "userDefined": false
      },
      {
        "text": " alza de ",
        "userDefined": false
      },
      {
        "text": "deportaciones",
        "alias": "Deportaciones",
        "meta": "@Deportaciones",
        "userDefined": false
      },
      {
        "text": " de ",
        "userDefined": false
      },
      {
        "text": "Estados Unidos",
        "alias": "geo-city",
        "meta": "@sys.geo-city",
        "userDefined": true
      }
    ],
    "isTemplate": false,
    "count": 0,
    "updated": 1527008342
  },
  {
    "id": "e49f5631-2d1b-4ba0-819d-569c42f87a00",
    "data": [
      {
        "text": "Aumento de ",
        "userDefined": false
      },
      {
        "text": "Deportaciones",
        "alias": "Deportaciones",
        "meta": "@Deportaciones",
        "userDefined": false
      }
    ],
    "isTemplate": false,
    "count": 0,
    "updated": 1527008342
  },
  {
    "id": "1a40c423-e115-481d-90c3-b23723b8f169",
    "data": [
      {
        "text": "Han aumentado ",
        "userDefined": false
      },
      {
        "text": "en un 40",
        "alias": "number",
        "meta": "@sys.number",
        "userDefined": false
      },
      {
        "text": "% las ",
        "userDefined": false
      },
      {
        "text": "deportaciones",
        "alias": "Deportaciones",
        "meta": "@Deportaciones",
        "userDefined": false
      },
      {
        "text": "?",
        "userDefined": false
      }
    ],
    "isTemplate": false,
    "count": 0,
    "updated": 1527008342
  }
]