[
  {
    "id": "329c72e4-a4b0-49be-8a8c-677c7a5fddec",
    "data": [
      {
        "text": "Holaaaa",
        "userDefined": false
      }
    ],
    "isTemplate": false,
    "count": 0,
    "updated": 1527007287
  },
  {
    "id": "39e05f3d-70e9-4c71-93e5-5a3e4c3669a6",
    "data": [
      {
        "text": "Hey",
        "userDefined": false
      }
    ],
    "isTemplate": false,
    "count": 0,
    "updated": 1527007287
  },
  {
    "id": "17d5c36b-749b-4c1e-bfd4-3ec7937a36c9",
    "data": [
      {
        "text": "Ana",
        "userDefined": false
      }
    ],
    "isTemplate": false,
    "count": 0,
    "updated": 1527007287
  },
  {
    "id": "6a84c89e-9068-4339-9412-404b79854522",
    "data": [
      {
        "text": "Hola",
        "userDefined": false
      }
    ],
    "isTemplate": false,
    "count": 1,
    "updated": 1527007287
  },
  {
    "id": "45d456b5-fba9-4e0b-b604-cba16f1e5b6f",
    "data": [
      {
        "text": "Saludos",
        "userDefined": false
      }
    ],
    "isTemplate": false,
    "count": 1,
    "updated": 1527007287
  },
  {
    "id": "6f9463fa-23bf-4c61-b2fa-50aef9519dac",
    "data": [
      {
        "text": "Oye",
        "userDefined": false
      }
    ],
    "isTemplate": false,
    "count": 0,
    "updated": 1527007287
  }
]