[
  {
    "id": "f3908bc5-3d44-44cf-b527-3c3714d53691",
    "data": [
      {
        "text": "Operativos ",
        "userDefined": false
      },
      {
        "text": "combatientes de Trata de Personas",
        "alias": "TrataDePersonas",
        "meta": "@TrataDePersonas",
        "userDefined": true
      },
      {
        "text": " en ",
        "userDefined": false
      },
      {
        "text": "Nuevo León",
        "alias": "geo-city",
        "meta": "@sys.geo-city",
        "userDefined": true
      }
    ],
    "isTemplate": false,
    "count": 0,
    "updated": 1527014595
  },
  {
    "id": "14c02187-1fd6-474a-9837-1a1565cc4f2b",
    "data": [
      {
        "text": "Nuevo León",
        "alias": "geo-city",
        "meta": "@sys.geo-city",
        "userDefined": true
      },
      {
        "text": " y la ",
        "userDefined": false
      },
      {
        "text": "Trata de Personas",
        "alias": "TrataDePersonas",
        "meta": "@TrataDePersonas",
        "userDefined": true
      }
    ],
    "isTemplate": false,
    "count": 0,
    "updated": 1527014595
  },
  {
    "id": "229ac13c-305d-4ae8-87e2-014b22b12801",
    "data": [
      {
        "text": "Veracidad de que ",
        "userDefined": false
      },
      {
        "text": "Nuevo León",
        "alias": "geo-city",
        "meta": "@sys.geo-city",
        "userDefined": false
      },
      {
        "text": " tiene operativos encubiertos en contra del ",
        "userDefined": false
      },
      {
        "text": "comercio de personas",
        "alias": "TrataDePersonas",
        "meta": "@TrataDePersonas",
        "userDefined": false
      }
    ],
    "isTemplate": false,
    "count": 0,
    "updated": 1527014595
  },
  {
    "id": "8aa9d5ab-73a1-4328-b2d6-a3edeee74fec",
    "data": [
      {
        "text": "Es verdad que ",
        "userDefined": false
      },
      {
        "text": "Nuevo León",
        "alias": "geo-city",
        "meta": "@sys.geo-city",
        "userDefined": true
      },
      {
        "text": " hay operativos anti ",
        "userDefined": false
      },
      {
        "text": "Trata de personas",
        "alias": "TrataDePersonas",
        "meta": "@TrataDePersonas",
        "userDefined": true
      },
      {
        "text": "?",
        "userDefined": false
      }
    ],
    "isTemplate": false,
    "count": 0,
    "updated": 1527014595
  },
  {
    "id": "50837f9f-7fcb-4d55-932d-72a3ff59ae8b",
    "data": [
      {
        "text": "Nuevo León",
        "alias": "geo-city",
        "meta": "@sys.geo-city",
        "userDefined": false
      },
      {
        "text": " hace operativos que combaten de ",
        "userDefined": false
      },
      {
        "text": "trata de personas",
        "alias": "TrataDePersonas",
        "meta": "@TrataDePersonas",
        "userDefined": true
      }
    ],
    "isTemplate": false,
    "count": 0,
    "updated": 1527014595
  }
]