[
  {
    "id": "f2a74405-b9aa-4c8c-8c0c-c44364b0ee24",
    "data": [
      {
        "text": "Dame información de ",
        "userDefined": false
      },
      {
        "text": "AMLO",
        "alias": "AMLO",
        "meta": "@AMLO",
        "userDefined": false
      }
    ],
    "isTemplate": false,
    "count": 0,
    "updated": 1527007911
  },
  {
    "id": "5a8cb1d4-23d1-4fd2-8007-09fb6a7b7c95",
    "data": [
      {
        "text": "AMLO",
        "alias": "AMLO",
        "meta": "@AMLO",
        "userDefined": false
      }
    ],
    "isTemplate": false,
    "count": 0,
    "updated": 1524546128
  },
  {
    "id": "9ee7f74c-4ba8-419b-9e3a-f15ba52ad467",
    "data": [
      {
        "text": "Hablame de ",
        "userDefined": false
      },
      {
        "text": "amlo",
        "alias": "AMLO",
        "meta": "@AMLO",
        "userDefined": false
      }
    ],
    "isTemplate": false,
    "count": 0,
    "updated": 1524546128
  },
  {
    "id": "0882a736-598e-467c-8e1d-53f13eb63c2e",
    "data": [
      {
        "text": "Platicame de ",
        "userDefined": false
      },
      {
        "text": "amlo",
        "alias": "AMLO",
        "meta": "@AMLO",
        "userDefined": false
      }
    ],
    "isTemplate": false,
    "count": 0,
    "updated": 1524546128
  },
  {
    "id": "037ee0e2-6630-49d9-8d21-9f8f8b914a40",
    "data": [
      {
        "text": "Historia",
        "meta": "@sys.ignore",
        "userDefined": false
      },
      {
        "text": " de ",
        "userDefined": false
      },
      {
        "text": "Amlo",
        "alias": "AMLO",
        "meta": "@AMLO",
        "userDefined": false
      }
    ],
    "isTemplate": false,
    "count": 0,
    "updated": 1524546128
  },
  {
    "id": "525aaf15-fa45-4c38-9430-49eac8fd867c",
    "data": [
      {
        "text": "Quién es ",
        "userDefined": false
      },
      {
        "text": "amlo",
        "alias": "AMLO",
        "meta": "@AMLO",
        "userDefined": false
      }
    ],
    "isTemplate": false,
    "count": 0,
    "updated": 1524546128
  }
]