[
  {
    "id": "deca3e1c-fe32-4d4f-b535-444791a30f48",
    "data": [
      {
        "text": "Muestrame ",
        "userDefined": false
      },
      {
        "text": "Noticias",
        "alias": "Noticias",
        "meta": "@Noticias",
        "userDefined": false
      },
      {
        "text": " de ",
        "userDefined": false
      },
      {
        "text": "Meade",
        "alias": "Meade",
        "meta": "@Meade",
        "userDefined": false
      }
    ],
    "isTemplate": false,
    "count": 0,
    "updated": 1524595206
  },
  {
    "id": "8a985ea0-cb86-445f-b1c8-766a00ba7214",
    "data": [
      {
        "text": "Estado",
        "alias": "Noticias",
        "meta": "@Noticias",
        "userDefined": false
      },
      {
        "text": " de ",
        "userDefined": false
      },
      {
        "text": "Meade",
        "alias": "Meade",
        "meta": "@Meade",
        "userDefined": false
      }
    ],
    "isTemplate": false,
    "count": 0,
    "updated": 1524669370
  },
  {
    "id": "4f9f9a05-867c-4b55-b042-09de00647e5d",
    "data": [
      {
        "text": "Dime ",
        "userDefined": false
      },
      {
        "text": "noticias",
        "alias": "Noticias",
        "meta": "@Noticias",
        "userDefined": false
      },
      {
        "text": " de ",
        "userDefined": false
      },
      {
        "text": "Meade",
        "alias": "Meade",
        "meta": "@Meade",
        "userDefined": false
      }
    ],
    "isTemplate": false,
    "count": 0,
    "updated": 1524595206
  },
  {
    "id": "17a3c8ff-d8b3-4e74-b03c-c74a2179813e",
    "data": [
      {
        "text": "Hablame del ",
        "userDefined": false
      },
      {
        "text": "estado",
        "alias": "Noticias",
        "meta": "@Noticias",
        "userDefined": false
      },
      {
        "text": " actual de ",
        "userDefined": false
      },
      {
        "text": "Meade",
        "alias": "Meade",
        "meta": "@Meade",
        "userDefined": false
      }
    ],
    "isTemplate": false,
    "count": 0,
    "updated": 1524595206
  },
  {
    "id": "1af99ba0-3792-4498-9e50-cb920421eb48",
    "data": [
      {
        "text": "Pepe Meade",
        "alias": "Meade",
        "meta": "@Meade",
        "userDefined": false
      },
      {
        "text": " ",
        "userDefined": false
      },
      {
        "text": "Acutalidad",
        "alias": "Noticias",
        "meta": "@Noticias",
        "userDefined": true
      }
    ],
    "isTemplate": false,
    "count": 0,
    "updated": 1524595221
  },
  {
    "id": "ae95986d-16b1-4058-85a8-7bfd0138b70e",
    "data": [
      {
        "text": "Noticias",
        "alias": "Noticias",
        "meta": "@Noticias",
        "userDefined": false
      },
      {
        "text": " de ",
        "userDefined": false
      },
      {
        "text": "Meade",
        "alias": "Meade",
        "meta": "@Meade",
        "userDefined": false
      }
    ],
    "isTemplate": false,
    "count": 0,
    "updated": 1524669370
  },
  {
    "id": "0a57a046-ec8f-4f1f-9fc5-8ab255f0b17c",
    "data": [
      {
        "text": "Dame ",
        "userDefined": false
      },
      {
        "text": "noticias",
        "alias": "Noticias",
        "meta": "@Noticias",
        "userDefined": false
      },
      {
        "text": " de ",
        "userDefined": false
      },
      {
        "text": "Meade",
        "alias": "Meade",
        "meta": "@Meade",
        "userDefined": false
      }
    ],
    "isTemplate": false,
    "count": 0,
    "updated": 1524669370
  },
  {
    "id": "c0876f35-99e4-4553-aed5-7357700cf0bb",
    "data": [
      {
        "text": "Cuales son las ",
        "userDefined": false
      },
      {
        "text": "noticias",
        "alias": "Noticias",
        "meta": "@Noticias",
        "userDefined": false
      },
      {
        "text": " de ",
        "userDefined": false
      },
      {
        "text": "Meade",
        "alias": "Meade",
        "meta": "@Meade",
        "userDefined": false
      }
    ],
    "isTemplate": false,
    "count": 0,
    "updated": 1524595206
  }
]