[
  {
    "id": "b02d2cda-ba10-46fc-a39b-38ac7826e421",
    "data": [
      {
        "text": "Es muy difícil decidir",
        "userDefined": false
      }
    ],
    "isTemplate": false,
    "count": 0,
    "updated": 1527006970
  },
  {
    "id": "225dd07f-6687-4b34-9847-2860db7ce9a5",
    "data": [
      {
        "text": "Aún no se por quien decidir",
        "userDefined": false
      }
    ],
    "isTemplate": false,
    "count": 0,
    "updated": 1527006970
  },
  {
    "id": "83488684-1388-4a32-b6d4-719ca654ee86",
    "data": [
      {
        "text": "No se",
        "userDefined": false
      }
    ],
    "isTemplate": false,
    "count": 0,
    "updated": 1527006970
  },
  {
    "id": "67c5a09c-a7e0-42bb-bc4f-5e1e654889dc",
    "data": [
      {
        "text": "No se que hacer",
        "userDefined": false
      }
    ],
    "isTemplate": false,
    "count": 0,
    "updated": 1527006970
  },
  {
    "id": "f74f611f-bda9-4bd7-8037-cde88efd48fd",
    "data": [
      {
        "text": "¿Por quien debo votar?",
        "userDefined": false
      }
    ],
    "isTemplate": false,
    "count": 0,
    "updated": 1527006970
  },
  {
    "id": "0b6ebbfd-5f15-421c-bab1-58223a6aef1a",
    "data": [
      {
        "text": "Estoy indeciso",
        "userDefined": false
      }
    ],
    "isTemplate": false,
    "count": 0,
    "updated": 1527006970
  },
  {
    "id": "b889f6b1-2fc6-44a7-befe-c8482e9cc5d4",
    "data": [
      {
        "text": "No se por ",
        "userDefined": false
      },
      {
        "text": "quien votar",
        "meta": "@sys.ignore",
        "userDefined": false
      }
    ],
    "isTemplate": false,
    "count": 0,
    "updated": 1527006970
  }
]