[
  {
    "id": "00487ae6-d74c-46e0-a1a5-8736dab835dc",
    "data": [
      {
        "text": "¿A qué hora es el debate?",
        "userDefined": false
      }
    ],
    "isTemplate": false,
    "count": 0,
    "updated": 1527002478
  },
  {
    "id": "b50eccfa-b57d-4952-96c0-59c5accfae06",
    "data": [
      {
        "text": "¿Cuándo ",
        "userDefined": false
      },
      {
        "text": "hay",
        "alias": "geo-city",
        "meta": "@sys.geo-city",
        "userDefined": false
      },
      {
        "text": " debate?",
        "userDefined": false
      }
    ],
    "isTemplate": false,
    "count": 0,
    "updated": 1527002478
  },
  {
    "id": "9040a72a-5dce-48af-a9e2-cd558b11e0c5",
    "data": [
      {
        "text": "Siguiente debate",
        "userDefined": false
      }
    ],
    "isTemplate": false,
    "count": 0,
    "updated": 1527002478
  },
  {
    "id": "2f2e79d3-50dd-4bad-8a77-9d31b39d9020",
    "data": [
      {
        "text": "Hay",
        "meta": "@sys.ignore",
        "userDefined": false
      },
      {
        "text": " ",
        "userDefined": false
      },
      {
        "text": "un tercer",
        "meta": "@sys.ignore",
        "userDefined": false
      },
      {
        "text": " debate?",
        "userDefined": false
      }
    ],
    "isTemplate": false,
    "count": 0,
    "updated": 1527002478
  },
  {
    "id": "52fa6030-6e78-4463-97a6-0314a0bba2de",
    "data": [
      {
        "text": "Tercer",
        "meta": "@sys.ignore",
        "userDefined": false
      },
      {
        "text": " debate",
        "userDefined": false
      }
    ],
    "isTemplate": false,
    "count": 0,
    "updated": 1527002478
  },
  {
    "id": "8a97955c-f8b6-4634-a698-b6d1c8f891bd",
    "data": [
      {
        "text": "Debate",
        "userDefined": false
      }
    ],
    "isTemplate": false,
    "count": 0,
    "updated": 1527002478
  },
  {
    "id": "3937d36a-5f07-4ef1-bcc9-ff0f621b8b4f",
    "data": [
      {
        "text": "Cuando es ",
        "userDefined": false
      },
      {
        "text": "el tercer debate",
        "meta": "@sys.ignore",
        "userDefined": false
      }
    ],
    "isTemplate": false,
    "count": 0,
    "updated": 1527002478
  }
]