[
  {
    "id": "f6500de1-2140-421b-8cee-278cdb455a3d",
    "data": [
      {
        "text": "¿Qué haces para vivir?",
        "userDefined": false
      }
    ],
    "isTemplate": false,
    "count": 0,
    "updated": 1527001967
  },
  {
    "id": "448bdb0d-b2db-4bf5-9ca9-2aedf42cc3d0",
    "data": [
      {
        "text": "En qué trabajas?",
        "userDefined": false
      }
    ],
    "isTemplate": false,
    "count": 0,
    "updated": 1527001967
  },
  {
    "id": "5faee001-05bb-4e85-b59f-c2b77eb4bb7a",
    "data": [
      {
        "text": "¿Para qué te crearon?",
        "userDefined": false
      }
    ],
    "isTemplate": false,
    "count": 0,
    "updated": 1525194237
  },
  {
    "id": "c78f2ea7-2aae-4adf-945e-81f10d563373",
    "data": [
      {
        "text": "De qué eres capaz",
        "userDefined": false
      }
    ],
    "isTemplate": false,
    "count": 0,
    "updated": 1525194237
  },
  {
    "id": "d7004a72-c32b-4693-8a3c-c9079600c15f",
    "data": [
      {
        "text": "¿Qué haces?",
        "userDefined": false
      }
    ],
    "isTemplate": false,
    "count": 0,
    "updated": 1525194237
  },
  {
    "id": "0b004d37-d7c2-409e-8382-5c938e83d34f",
    "data": [
      {
        "text": "¿Qué puedes hacer?",
        "userDefined": false
      }
    ],
    "isTemplate": false,
    "count": 0,
    "updated": 1525194237
  }
]