[
  {
    "id": "908c0ce0-3b2c-4f97-8b27-6fadd332edfa",
    "data": [
      {
        "text": "Candidata mujer",
        "alias": "Zavala",
        "meta": "@Zavala",
        "userDefined": false
      }
    ],
    "isTemplate": false,
    "count": 0,
    "updated": 1527006289
  },
  {
    "id": "3287dd55-d1c8-4158-bda4-b8be68ae3eb5",
    "data": [
      {
        "text": "Noticias de Zavala",
        "userDefined": false
      }
    ],
    "isTemplate": false,
    "count": 0,
    "updated": 1527006289
  },
  {
    "id": "eadae4b0-a1e8-474d-b78f-4d8239cf088e",
    "data": [
      {
        "text": "Propuestas de ",
        "userDefined": false
      },
      {
        "text": "Margarita Zavala",
        "alias": "Zavala",
        "meta": "@Zavala",
        "userDefined": false
      }
    ],
    "isTemplate": false,
    "count": 0,
    "updated": 1527006289
  },
  {
    "id": "55e7c9c2-f8dc-437e-9512-370a090d78a3",
    "data": [
      {
        "text": "Zavala",
        "alias": "Zavala",
        "meta": "@Zavala",
        "userDefined": false
      }
    ],
    "isTemplate": false,
    "count": 0,
    "updated": 1527006289
  }
]