[
  {
    "id": "0333284f-5a1f-4054-984e-23d40242e817",
    "data": [
      {
        "text": "¿Quién dijo eso?",
        "userDefined": false
      }
    ],
    "isTemplate": false,
    "count": 0,
    "updated": 1527001807
  },
  {
    "id": "69630989-655c-4101-847a-276a629ab98a",
    "data": [
      {
        "text": "¿Cómo sabes eso?",
        "userDefined": false
      }
    ],
    "isTemplate": false,
    "count": 0,
    "updated": 1527001807
  },
  {
    "id": "c10fd2a1-f352-4ac3-8af9-4d5edc3212bc",
    "data": [
      {
        "text": "Es enserio?",
        "userDefined": false
      }
    ],
    "isTemplate": false,
    "count": 0,
    "updated": 1527000833
  },
  {
    "id": "2aae9aef-fb0b-41e6-a013-9a2aac54aa38",
    "data": [
      {
        "text": "Dónde dice eso?",
        "userDefined": false
      }
    ],
    "isTemplate": false,
    "count": 0,
    "updated": 1527000833
  },
  {
    "id": "bbcf5f4c-0989-4dd9-8c37-95d20441aa93",
    "data": [
      {
        "text": "De donde sacas tu información",
        "userDefined": false
      }
    ],
    "isTemplate": false,
    "count": 0,
    "updated": 1527000833
  }
]