[
  {
    "id": "3903d908-82d8-41da-a648-f7f0888dd001",
    "data": [
      {
        "text": "Cuando termina la ley seca",
        "userDefined": false
      }
    ],
    "isTemplate": false,
    "count": 0,
    "updated": 1527001030
  },
  {
    "id": "8a107063-d346-4b08-a5ae-0aa86e152b4f",
    "data": [
      {
        "text": "¿Cuando es la ley seca?",
        "userDefined": false
      }
    ],
    "isTemplate": false,
    "count": 0,
    "updated": 1527001030
  },
  {
    "id": "8bbcff9a-f12d-4a69-811a-641cd2a723a3",
    "data": [
      {
        "text": "Venta",
        "meta": "@sys.ignore",
        "userDefined": false
      },
      {
        "text": " de alcohol",
        "userDefined": false
      }
    ],
    "isTemplate": false,
    "count": 0,
    "updated": 1527001030
  },
  {
    "id": "268c0377-a8b4-42ff-8ffe-973e9634bc6c",
    "data": [
      {
        "text": "Ley Seca",
        "userDefined": false
      }
    ],
    "isTemplate": false,
    "count": 0,
    "updated": 1527001030
  }
]