[
  {
    "id": "82a87cb6-a2a9-4eb4-8e5d-78ce375ed274",
    "data": [
      {
        "text": "Veracidad de ",
        "userDefined": false
      },
      {
        "text": "Programa de Asistencia",
        "alias": "Asistencia",
        "meta": "@Asistencia",
        "userDefined": true
      },
      {
        "text": " en ",
        "userDefined": false
      },
      {
        "text": "Nuevo",
        "alias": "geo-city",
        "meta": "@sys.geo-city",
        "userDefined": false
      },
      {
        "text": " ",
        "userDefined": false
      },
      {
        "text": "León",
        "alias": "geo-city1",
        "meta": "@sys.geo-city",
        "userDefined": false
      }
    ],
    "isTemplate": false,
    "count": 0,
    "updated": 1524590051
  },
  {
    "id": "e69caa4c-06c7-4898-bc61-34ecaa4dd7c5",
    "data": [
      {
        "text": "Es verdad que no ",
        "userDefined": false
      },
      {
        "text": "hay",
        "alias": "geo-city",
        "meta": "@sys.geo-city",
        "userDefined": false
      },
      {
        "text": " ",
        "userDefined": false
      },
      {
        "text": "programa de ayuda",
        "alias": "Asistencia",
        "meta": "@Asistencia",
        "userDefined": true
      },
      {
        "text": " en ",
        "userDefined": false
      },
      {
        "text": "Nuevo",
        "alias": "geo-city1",
        "meta": "@sys.geo-city",
        "userDefined": false
      },
      {
        "text": " ",
        "userDefined": false
      },
      {
        "text": "León",
        "alias": "geo-city2",
        "meta": "@sys.geo-city",
        "userDefined": false
      }
    ],
    "isTemplate": false,
    "count": 0,
    "updated": 1524590051
  },
  {
    "id": "f20fb781-c560-4b72-858b-3080fc6369d4",
    "data": [
      {
        "text": "Programa de Asistencia",
        "alias": "Asistencia",
        "meta": "@Asistencia",
        "userDefined": true
      },
      {
        "text": " en Nuevo León",
        "userDefined": false
      }
    ],
    "isTemplate": false,
    "count": 0,
    "updated": 1524590051
  },
  {
    "id": "b59a9d9e-1e06-4aa0-aec7-d9d604a56739",
    "data": [
      {
        "text": "En ",
        "userDefined": false
      },
      {
        "text": "Nuevo",
        "alias": "geo-city",
        "meta": "@sys.geo-city",
        "userDefined": false
      },
      {
        "text": " ",
        "userDefined": false
      },
      {
        "text": "León",
        "alias": "geo-city1",
        "meta": "@sys.geo-city",
        "userDefined": false
      },
      {
        "text": " no ",
        "userDefined": false
      },
      {
        "text": "hay",
        "alias": "geo-city2",
        "meta": "@sys.geo-city",
        "userDefined": false
      },
      {
        "text": " ",
        "userDefined": false
      },
      {
        "text": "programa asistencialista",
        "alias": "Asistencia",
        "meta": "@Asistencia",
        "userDefined": true
      },
      {
        "text": "?",
        "userDefined": false
      }
    ],
    "isTemplate": false,
    "count": 0,
    "updated": 1524590051
  }
]