[
  {
    "id": "f0b0c484-75ad-4054-8d88-51d0033fcd86",
    "data": [
      {
        "text": "Hablame de las propuestas de ",
        "userDefined": false
      },
      {
        "text": "López Obrador",
        "alias": "AMLO",
        "meta": "@AMLO",
        "userDefined": true
      }
    ],
    "isTemplate": false,
    "count": 0,
    "updated": 1524592248
  },
  {
    "id": "c45655e3-202f-4274-abad-1d339755c5f2",
    "data": [
      {
        "text": "Muestrame las Porpuestas de ",
        "userDefined": false
      },
      {
        "text": "AMLO",
        "alias": "AMLO",
        "meta": "@AMLO",
        "userDefined": true
      }
    ],
    "isTemplate": false,
    "count": 0,
    "updated": 1524592248
  },
  {
    "id": "a1a90ea3-223a-4fb1-9732-c8018a77c8b4",
    "data": [
      {
        "text": "Cuales son las propuestas de ",
        "userDefined": false
      },
      {
        "text": "AMLO",
        "alias": "AMLO",
        "meta": "@AMLO",
        "userDefined": false
      }
    ],
    "isTemplate": false,
    "count": 0,
    "updated": 1524592248
  },
  {
    "id": "1c90dbca-3ce3-47df-a31d-cba5242d1d9f",
    "data": [
      {
        "text": "Propuestas de ",
        "userDefined": false
      },
      {
        "text": "Andres",
        "alias": "AMLO",
        "meta": "@AMLO",
        "userDefined": false
      }
    ],
    "isTemplate": false,
    "count": 0,
    "updated": 1524592248
  }
]