[
  {
    "id": "0c8717c0-0c7e-4193-b878-1864418d29b4",
    "data": [
      {
        "text": "Hablame de las propuestas de ",
        "userDefined": false
      },
      {
        "text": "el Bronco",
        "alias": "Bronco",
        "meta": "@Bronco",
        "userDefined": false
      }
    ],
    "isTemplate": false,
    "count": 0,
    "updated": 1524592526
  },
  {
    "id": "0c5a6987-ef2f-4bd6-8264-d19a9ba9430b",
    "data": [
      {
        "text": "Cuales son las propuestas de ",
        "userDefined": false
      },
      {
        "text": "el Bronco",
        "alias": "Bronco",
        "meta": "@Bronco",
        "userDefined": false
      },
      {
        "text": "?",
        "userDefined": false
      }
    ],
    "isTemplate": false,
    "count": 0,
    "updated": 1524592526
  },
  {
    "id": "a499c8cd-53a9-4b27-b23b-9ca7dc73a43b",
    "data": [
      {
        "text": "Muestrame las propuestas de ",
        "userDefined": false
      },
      {
        "text": "Jaime Rodriguez",
        "alias": "Bronco",
        "meta": "@Bronco",
        "userDefined": true
      }
    ],
    "isTemplate": false,
    "count": 0,
    "updated": 1524592526
  }
]