[
  {
    "id": "53b8540c-de0e-4c36-903e-79b25c566aa6",
    "data": [
      {
        "text": "Cuales son las Propuestas de ",
        "userDefined": false
      },
      {
        "text": "Ricardo",
        "alias": "Anaya",
        "meta": "@Anaya",
        "userDefined": false
      },
      {
        "text": " ",
        "userDefined": false
      },
      {
        "text": "Anaya",
        "alias": "Anaya1",
        "meta": "@Anaya",
        "userDefined": false
      },
      {
        "text": "?",
        "userDefined": false
      }
    ],
    "isTemplate": false,
    "count": 0,
    "updated": 1526999225
  },
  {
    "id": "9867d6e8-8483-40c8-bfea-048f24680590",
    "data": [
      {
        "text": "Anaya",
        "alias": "Anaya",
        "meta": "@Anaya",
        "userDefined": false
      },
      {
        "text": " Propuestas",
        "userDefined": false
      }
    ],
    "isTemplate": false,
    "count": 0,
    "updated": 1526999225
  },
  {
    "id": "ed20026a-d2f0-433d-9365-3cc262fdc65a",
    "data": [
      {
        "text": "Propuestas de ",
        "userDefined": false
      },
      {
        "text": "Ricardo",
        "alias": "Anaya",
        "meta": "@Anaya",
        "userDefined": false
      }
    ],
    "isTemplate": false,
    "count": 0,
    "updated": 1526999225
  }
]