[
  {
    "id": "0a716d1b-7d26-4854-b190-8d87dd1ead8a",
    "data": [
      {
        "text": "Hablame de las propuestas de ",
        "userDefined": false
      },
      {
        "text": "Meade",
        "alias": "Meade",
        "meta": "@Meade",
        "userDefined": false
      }
    ],
    "isTemplate": false,
    "count": 0,
    "updated": 1524591842
  },
  {
    "id": "a21a3df8-dfe4-4aee-8c70-899aa74024ad",
    "data": [
      {
        "text": "Propuestas de Toño ",
        "userDefined": false
      },
      {
        "text": "Meade",
        "alias": "Meade",
        "meta": "@Meade",
        "userDefined": false
      }
    ],
    "isTemplate": false,
    "count": 0,
    "updated": 1524591842
  },
  {
    "id": "7fc2c65a-f298-42e1-b8c2-32988fa60e43",
    "data": [
      {
        "text": "Propuestas de ",
        "userDefined": false
      },
      {
        "text": "Meade",
        "alias": "Meade",
        "meta": "@Meade",
        "userDefined": false
      }
    ],
    "isTemplate": false,
    "count": 0,
    "updated": 1524591842
  },
  {
    "id": "bc0c3d67-0cab-4f03-b03a-673e7a233780",
    "data": [
      {
        "text": "Cuales son las Propuestas de Antonio ",
        "userDefined": false
      },
      {
        "text": "Meade",
        "alias": "Meade",
        "meta": "@Meade",
        "userDefined": false
      }
    ],
    "isTemplate": false,
    "count": 0,
    "updated": 1524591842
  }
]