[
  {
    "id": "d1dea84b-ea23-41d7-a293-d3c4c28ffd26",
    "data": [
      {
        "text": "Es cierto que no se ",
        "userDefined": false
      },
      {
        "text": "siembra maíz",
        "alias": "Sembradios",
        "meta": "@Sembradios",
        "userDefined": true
      },
      {
        "text": " en ",
        "userDefined": false
      },
      {
        "text": "Guerrero",
        "alias": "geo-city",
        "meta": "@sys.geo-city",
        "userDefined": true
      },
      {
        "text": "?",
        "userDefined": false
      }
    ],
    "isTemplate": false,
    "count": 0,
    "updated": 1527007100
  },
  {
    "id": "11246813-7f3f-4566-95e1-2f43d091d9dd",
    "data": [
      {
        "text": "Que se ",
        "userDefined": false
      },
      {
        "text": "siembra",
        "alias": "Sembradios",
        "meta": "@Sembradios",
        "userDefined": true
      },
      {
        "text": " en la ",
        "userDefined": false
      },
      {
        "text": "Sierra de Guerrero",
        "alias": "geo-city",
        "meta": "@sys.geo-city",
        "userDefined": true
      },
      {
        "text": "?",
        "userDefined": false
      }
    ],
    "isTemplate": false,
    "count": 0,
    "updated": 1527007100
  },
  {
    "id": "cc1c3299-9190-49ca-a64c-9d342b06d347",
    "data": [
      {
        "text": "Se ",
        "userDefined": false
      },
      {
        "text": "siembra Maíz",
        "alias": "Sembradios",
        "meta": "@Sembradios",
        "userDefined": true
      },
      {
        "text": " en la ",
        "userDefined": false
      },
      {
        "text": "Sierra de Guerrero",
        "alias": "geo-city",
        "meta": "@sys.geo-city",
        "userDefined": true
      },
      {
        "text": "?",
        "userDefined": false
      }
    ],
    "isTemplate": false,
    "count": 0,
    "updated": 1527007100
  }
]