[
  {
    "id": "64c928d1-5b43-419d-be54-78c94883735a",
    "data": [
      {
        "text": "Hierba",
        "alias": "Cannabis",
        "meta": "@Cannabis",
        "userDefined": true
      },
      {
        "text": " legar en ",
        "userDefined": false
      },
      {
        "text": "Canadá",
        "alias": "geo-city",
        "meta": "@sys.geo-city",
        "userDefined": true
      }
    ],
    "isTemplate": false,
    "count": 0,
    "updated": 1527013747
  },
  {
    "id": "cd5a052e-39eb-42af-ac02-1ae1475cf99c",
    "data": [
      {
        "text": "Es cierto que es legal la ",
        "userDefined": false
      },
      {
        "text": "marihuana",
        "alias": "Cannabis",
        "meta": "@Cannabis",
        "userDefined": true
      },
      {
        "text": " en ",
        "userDefined": false
      },
      {
        "text": "Estados Unidos",
        "alias": "geo-city",
        "meta": "@sys.geo-city",
        "userDefined": true
      },
      {
        "text": "?",
        "userDefined": false
      }
    ],
    "isTemplate": false,
    "count": 0,
    "updated": 1527013747
  },
  {
    "id": "52fb2209-abc7-4a99-8d02-98a9d0dde88f",
    "data": [
      {
        "text": "Legalidad de ",
        "userDefined": false
      },
      {
        "text": "cannabis",
        "alias": "Cannabis",
        "meta": "@Cannabis",
        "userDefined": true
      },
      {
        "text": " en ",
        "userDefined": false
      },
      {
        "text": "Estados Unidos y Canadá",
        "alias": "geo-city",
        "meta": "@sys.geo-city",
        "userDefined": false
      }
    ],
    "isTemplate": false,
    "count": 0,
    "updated": 1527013747
  },
  {
    "id": "325cdf3a-05f4-4c80-8a9c-2662b2c02ea4",
    "data": [
      {
        "text": "La ",
        "userDefined": false
      },
      {
        "text": "mariguana",
        "alias": "Cannabis",
        "meta": "@Cannabis",
        "userDefined": true
      },
      {
        "text": " es legal en ",
        "userDefined": false
      },
      {
        "text": "Estados Unidos y Canadá",
        "alias": "geo-city",
        "meta": "@sys.geo-city",
        "userDefined": false
      }
    ],
    "isTemplate": false,
    "count": 0,
    "updated": 1527013747
  }
]