[
  {
    "id": "e7ea4a20-25c8-4b8d-a964-f682ece31fd8",
    "data": [
      {
        "text": "Aumento de ",
        "userDefined": false
      },
      {
        "text": "violencia",
        "alias": "Violencia",
        "meta": "@Violencia",
        "userDefined": true
      },
      {
        "text": " en ",
        "userDefined": false
      },
      {
        "text": "entidades federativas",
        "alias": "Entidades",
        "meta": "@Entidades",
        "userDefined": true
      },
      {
        "text": "?",
        "userDefined": false
      }
    ],
    "isTemplate": false,
    "count": 0,
    "updated": 1527012864
  },
  {
    "id": "20920a23-ab29-48b4-b093-b276fc75a44b",
    "data": [
      {
        "text": "Aumento de ",
        "userDefined": false
      },
      {
        "text": "violencia",
        "alias": "Violencia",
        "meta": "@Violencia",
        "userDefined": false
      },
      {
        "text": " en ",
        "userDefined": false
      },
      {
        "text": "entidades federativas",
        "alias": "Entidades",
        "meta": "@Entidades",
        "userDefined": false
      }
    ],
    "isTemplate": false,
    "count": 1,
    "updated": 1527012864
  },
  {
    "id": "73691619-373f-4a51-964c-9f29f3275d04",
    "data": [
      {
        "text": "Aumentó la ",
        "userDefined": false
      },
      {
        "text": "violencia",
        "alias": "Violencia",
        "meta": "@Violencia",
        "userDefined": true
      },
      {
        "text": "?",
        "userDefined": false
      }
    ],
    "isTemplate": false,
    "count": 0,
    "updated": 1527012864
  },
  {
    "id": "366559fd-2de6-4499-a5ae-bd55f2a6d51e",
    "data": [
      {
        "text": "Es cierto que en ",
        "userDefined": false
      },
      {
        "text": "29",
        "alias": "number",
        "meta": "@sys.number",
        "userDefined": false
      },
      {
        "text": " de las ",
        "userDefined": false
      },
      {
        "text": "32",
        "alias": "number1",
        "meta": "@sys.number",
        "userDefined": false
      },
      {
        "text": " ",
        "userDefined": false
      },
      {
        "text": "entidades federativas",
        "alias": "Entidades",
        "meta": "@Entidades",
        "userDefined": true
      },
      {
        "text": " aumentó la ",
        "userDefined": false
      },
      {
        "text": "violencia",
        "alias": "Violencia",
        "meta": "@Violencia",
        "userDefined": true
      },
      {
        "text": "?",
        "userDefined": false
      }
    ],
    "isTemplate": false,
    "count": 0,
    "updated": 1527012864
  },
  {
    "id": "24ba9c30-c633-4dd4-96c2-7bd25f0921bf",
    "data": [
      {
        "text": "Aumento de ",
        "userDefined": false
      },
      {
        "text": "violencia",
        "alias": "Violencia",
        "meta": "@Violencia",
        "userDefined": true
      },
      {
        "text": " en ",
        "userDefined": false
      },
      {
        "text": "29",
        "alias": "number",
        "meta": "@sys.number",
        "userDefined": false
      },
      {
        "text": " de las ",
        "userDefined": false
      },
      {
        "text": "32",
        "alias": "number1",
        "meta": "@sys.number",
        "userDefined": false
      },
      {
        "text": " ",
        "userDefined": false
      },
      {
        "text": "entidades Federativas",
        "alias": "Entidades",
        "meta": "@Entidades",
        "userDefined": true
      },
      {
        "text": "?",
        "userDefined": false
      }
    ],
    "isTemplate": false,
    "count": 0,
    "updated": 1527012864
  }
]